length,frequency
18,6
21,12
23,1
24,2
25,9
26,2
27,1
28,16
29,3
30,3
31,1
32,7
33,4
34,8
35,12
36,193
37,11
38,40
39,3
40,4
41,7
42,5
43,8
44,15
45,12
46,19
47,16
48,4
49,5
50,11
51,7
52,10
53,12
54,2
55,9
56,9
57,10
58,19
59,17
60,7
61,10
62,10
63,12
64,7
65,8
66,11
67,6
68,12
69,11
70,2
71,8
72,4
73,13
74,5
75,26
76,12
77,5
78,10
79,10
80,8
81,11
82,8
83,14
84,13
85,24
86,24
87,43
88,40
89,286
90,62
91,2071
92,316
93,1896
94,353
95,729
96,515
97,324
98,411
99,1144
100,315
101,279
102,440
103,404
104,499
105,316
106,412
107,508
108,404
109,385
110,715
111,342
112,377
113,365
114,327
115,277
116,364
117,294
118,306
119,247
120,304
121,260
122,270
123,227
124,216
125,246
126,242
127,282
128,256
129,262
130,273
131,274
132,269
133,286
134,291
135,321
136,324
137,308
138,339
139,375
140,357
141,337
142,359
143,329
144,342
145,357
146,367
147,367
148,371
149,359
150,319
151,361
152,319
153,357
154,319
155,297
156,313
157,309
158,332
159,285
160,272
161,284
162,198
163,218
164,214
165,222
166,180
167,178
168,188
169,163
170,150
171,154
172,152
173,133
174,119
175,111
176,5221
177,141
178,113
179,105
180,134
181,83
182,102
183,71
184,70
185,75
186,74
187,50
188,37
189,54
190,50
191,30
192,38
193,29
194,24
195,28
196,25
197,17
198,24
199,18
200,16
201,6
202,9
203,5
204,7
205,7
206,5
207,10
208,5
209,4
210,4
211,2
212,3
213,2
214,1
215,1
216,3
217,3
219,2
221,1
222,1
225,1
228,1
240,1
246,1
248,1
250,1
255,1
274,1
309,1
315,1
344,1
